,Year,District Name,Age,Immigrants
0,2017,Ciutat Vella,0-4,154
1,2017,Ciutat Vella,0-4,58
2,2017,Ciutat Vella,0-4,38
3,2017,Ciutat Vella,0-4,56
4,2017,Eixample,0-4,79
5,2017,Eixample,0-4,111
6,2017,Eixample,0-4,121
7,2017,Eixample,0-4,97
8,2017,Eixample,0-4,123
9,2017,Eixample,0-4,57
10,2017,Sants-Montjuïc,0-4,80
11,2017,Sants-Montjuïc,0-4,1
12,2017,Sants-Montjuïc,0-4,71
13,2017,Sants-Montjuïc,0-4,14
14,2017,Sants-Montjuïc,0-4,31
15,2017,Sants-Montjuïc,0-4,33
16,2017,Sants-Montjuïc,0-4,49
17,2017,Sants-Montjuïc,0-4,106
18,2017,Les Corts,0-4,103
19,2017,Les Corts,0-4,81
20,2017,Les Corts,0-4,36
21,2017,Sarrià-Sant Gervasi,0-4,20
22,2017,Sarrià-Sant Gervasi,0-4,87
23,2017,Sarrià-Sant Gervasi,0-4,72
24,2017,Sarrià-Sant Gervasi,0-4,59
25,2017,Sarrià-Sant Gervasi,0-4,141
26,2017,Sarrià-Sant Gervasi,0-4,74
27,2017,Gràcia,0-4,37
28,2017,Gràcia,0-4,18
29,2017,Gràcia,0-4,41
30,2017,Gràcia,0-4,88
31,2017,Gràcia,0-4,73
32,2017,Horta-Guinardó,0-4,48
33,2017,Horta-Guinardó,0-4,16
34,2017,Horta-Guinardó,0-4,72
35,2017,Horta-Guinardó,0-4,14
36,2017,Horta-Guinardó,0-4,66
37,2017,Horta-Guinardó,0-4,15
38,2017,Horta-Guinardó,0-4,15
39,2017,Horta-Guinardó,0-4,11
40,2017,Horta-Guinardó,0-4,11
41,2017,Horta-Guinardó,0-4,1
42,2017,Horta-Guinardó,0-4,50
43,2017,Nou Barris,0-4,51
44,2017,Nou Barris,0-4,66
45,2017,Nou Barris,0-4,64
46,2017,Nou Barris,0-4,3
47,2017,Nou Barris,0-4,23
48,2017,Nou Barris,0-4,6
49,2017,Nou Barris,0-4,57
50,2017,Nou Barris,0-4,33
51,2017,Nou Barris,0-4,56
52,2017,Nou Barris,0-4,22
53,2017,Nou Barris,0-4,5
54,2017,Nou Barris,0-4,47
55,2017,Nou Barris,0-4,5
56,2017,Sant Andreu,0-4,40
57,2017,Sant Andreu,0-4,5
58,2017,Sant Andreu,0-4,31
59,2017,Sant Andreu,0-4,90
60,2017,Sant Andreu,0-4,45
61,2017,Sant Andreu,0-4,17
62,2017,Sant Andreu,0-4,26
63,2017,Sant Martí,0-4,88
64,2017,Sant Martí,0-4,43
65,2017,Sant Martí,0-4,30
66,2017,Sant Martí,0-4,29
67,2017,Sant Martí,0-4,94
68,2017,Sant Martí,0-4,68
69,2017,Sant Martí,0-4,125
70,2017,Sant Martí,0-4,53
71,2017,Sant Martí,0-4,48
72,2017,Sant Martí,0-4,70
73,2017,No consta,0-4,0
74,2017,Ciutat Vella,5-9,133
75,2017,Ciutat Vella,5-9,46
76,2017,Ciutat Vella,5-9,26
77,2017,Ciutat Vella,5-9,39
78,2017,Eixample,5-9,59
79,2017,Eixample,5-9,81
80,2017,Eixample,5-9,75
81,2017,Eixample,5-9,63
82,2017,Eixample,5-9,91
83,2017,Eixample,5-9,43
84,2017,Sants-Montjuïc,5-9,60
85,2017,Sants-Montjuïc,5-9,2
86,2017,Sants-Montjuïc,5-9,54
87,2017,Sants-Montjuïc,5-9,13
88,2017,Sants-Montjuïc,5-9,22
89,2017,Sants-Montjuïc,5-9,27
90,2017,Sants-Montjuïc,5-9,42
91,2017,Sants-Montjuïc,5-9,79
92,2017,Les Corts,5-9,71
93,2017,Les Corts,5-9,44
94,2017,Les Corts,5-9,40
95,2017,Sarrià-Sant Gervasi,5-9,12
96,2017,Sarrià-Sant Gervasi,5-9,61
97,2017,Sarrià-Sant Gervasi,5-9,49
98,2017,Sarrià-Sant Gervasi,5-9,41
99,2017,Sarrià-Sant Gervasi,5-9,80
100,2017,Sarrià-Sant Gervasi,5-9,54
101,2017,Gràcia,5-9,28
102,2017,Gràcia,5-9,9
103,2017,Gràcia,5-9,24
104,2017,Gràcia,5-9,58
105,2017,Gràcia,5-9,34
106,2017,Horta-Guinardó,5-9,30
107,2017,Horta-Guinardó,5-9,13
108,2017,Horta-Guinardó,5-9,39
109,2017,Horta-Guinardó,5-9,4
110,2017,Horta-Guinardó,5-9,50
111,2017,Horta-Guinardó,5-9,16
112,2017,Horta-Guinardó,5-9,15
113,2017,Horta-Guinardó,5-9,6
114,2017,Horta-Guinardó,5-9,7
115,2017,Horta-Guinardó,5-9,3
116,2017,Horta-Guinardó,5-9,33
117,2017,Nou Barris,5-9,35
118,2017,Nou Barris,5-9,57
119,2017,Nou Barris,5-9,36
120,2017,Nou Barris,5-9,2
121,2017,Nou Barris,5-9,20
122,2017,Nou Barris,5-9,3
123,2017,Nou Barris,5-9,32
124,2017,Nou Barris,5-9,36
125,2017,Nou Barris,5-9,35
126,2017,Nou Barris,5-9,21
127,2017,Nou Barris,5-9,10
128,2017,Nou Barris,5-9,42
129,2017,Nou Barris,5-9,7
130,2017,Sant Andreu,5-9,38
131,2017,Sant Andreu,5-9,5
132,2017,Sant Andreu,5-9,28
133,2017,Sant Andreu,5-9,56
134,2017,Sant Andreu,5-9,48
135,2017,Sant Andreu,5-9,15
136,2017,Sant Andreu,5-9,24
137,2017,Sant Martí,5-9,38
138,2017,Sant Martí,5-9,19
139,2017,Sant Martí,5-9,12
140,2017,Sant Martí,5-9,21
141,2017,Sant Martí,5-9,44
142,2017,Sant Martí,5-9,36
143,2017,Sant Martí,5-9,87
144,2017,Sant Martí,5-9,23
145,2017,Sant Martí,5-9,31
146,2017,Sant Martí,5-9,47
147,2017,No consta,5-9,0
148,2017,Ciutat Vella,10-14,117
149,2017,Ciutat Vella,10-14,26
150,2017,Ciutat Vella,10-14,11
151,2017,Ciutat Vella,10-14,36
152,2017,Eixample,10-14,42
153,2017,Eixample,10-14,77
154,2017,Eixample,10-14,61
155,2017,Eixample,10-14,54
156,2017,Eixample,10-14,51
157,2017,Eixample,10-14,57
158,2017,Sants-Montjuïc,10-14,64
159,2017,Sants-Montjuïc,10-14,0
160,2017,Sants-Montjuïc,10-14,66
161,2017,Sants-Montjuïc,10-14,8
162,2017,Sants-Montjuïc,10-14,23
163,2017,Sants-Montjuïc,10-14,28
164,2017,Sants-Montjuïc,10-14,42
165,2017,Sants-Montjuïc,10-14,69
166,2017,Les Corts,10-14,58
167,2017,Les Corts,10-14,42
168,2017,Les Corts,10-14,66
169,2017,Sarrià-Sant Gervasi,10-14,7
170,2017,Sarrià-Sant Gervasi,10-14,57
171,2017,Sarrià-Sant Gervasi,10-14,34
172,2017,Sarrià-Sant Gervasi,10-14,81
173,2017,Sarrià-Sant Gervasi,10-14,105
174,2017,Sarrià-Sant Gervasi,10-14,64
175,2017,Gràcia,10-14,20
176,2017,Gràcia,10-14,21
177,2017,Gràcia,10-14,19
178,2017,Gràcia,10-14,49
179,2017,Gràcia,10-14,35
180,2017,Horta-Guinardó,10-14,36
181,2017,Horta-Guinardó,10-14,5
182,2017,Horta-Guinardó,10-14,54
183,2017,Horta-Guinardó,10-14,9
184,2017,Horta-Guinardó,10-14,42
185,2017,Horta-Guinardó,10-14,15
186,2017,Horta-Guinardó,10-14,25
187,2017,Horta-Guinardó,10-14,6
188,2017,Horta-Guinardó,10-14,7
189,2017,Horta-Guinardó,10-14,0
190,2017,Horta-Guinardó,10-14,49
191,2017,Nou Barris,10-14,36
192,2017,Nou Barris,10-14,54
193,2017,Nou Barris,10-14,41
194,2017,Nou Barris,10-14,1
195,2017,Nou Barris,10-14,20
196,2017,Nou Barris,10-14,5
197,2017,Nou Barris,10-14,42
198,2017,Nou Barris,10-14,21
199,2017,Nou Barris,10-14,39
200,2017,Nou Barris,10-14,21
201,2017,Nou Barris,10-14,6
202,2017,Nou Barris,10-14,31
203,2017,Nou Barris,10-14,3
204,2017,Sant Andreu,10-14,28
205,2017,Sant Andreu,10-14,4
206,2017,Sant Andreu,10-14,26
207,2017,Sant Andreu,10-14,55
208,2017,Sant Andreu,10-14,47
209,2017,Sant Andreu,10-14,16
210,2017,Sant Andreu,10-14,36
211,2017,Sant Martí,10-14,46
212,2017,Sant Martí,10-14,32
213,2017,Sant Martí,10-14,19
214,2017,Sant Martí,10-14,8
215,2017,Sant Martí,10-14,44
216,2017,Sant Martí,10-14,27
217,2017,Sant Martí,10-14,86
218,2017,Sant Martí,10-14,26
219,2017,Sant Martí,10-14,28
220,2017,Sant Martí,10-14,44
221,2017,No consta,10-14,0
222,2017,Ciutat Vella,15-19,257
223,2017,Ciutat Vella,15-19,90
224,2017,Ciutat Vella,15-19,44
225,2017,Ciutat Vella,15-19,210
226,2017,Eixample,15-19,87
227,2017,Eixample,15-19,148
228,2017,Eixample,15-19,107
229,2017,Eixample,15-19,109
230,2017,Eixample,15-19,153
231,2017,Eixample,15-19,91
232,2017,Sants-Montjuïc,15-19,173
233,2017,Sants-Montjuïc,15-19,1
234,2017,Sants-Montjuïc,15-19,123
235,2017,Sants-Montjuïc,15-19,29
236,2017,Sants-Montjuïc,15-19,54
237,2017,Sants-Montjuïc,15-19,41
238,2017,Sants-Montjuïc,15-19,67
239,2017,Sants-Montjuïc,15-19,120
240,2017,Les Corts,15-19,116
241,2017,Les Corts,15-19,44
242,2017,Les Corts,15-19,66
243,2017,Sarrià-Sant Gervasi,15-19,5
244,2017,Sarrià-Sant Gervasi,15-19,76
245,2017,Sarrià-Sant Gervasi,15-19,36
246,2017,Sarrià-Sant Gervasi,15-19,95
247,2017,Sarrià-Sant Gervasi,15-19,119
248,2017,Sarrià-Sant Gervasi,15-19,61
249,2017,Gràcia,15-19,30
250,2017,Gràcia,15-19,19
251,2017,Gràcia,15-19,77
252,2017,Gràcia,15-19,109
253,2017,Gràcia,15-19,47
254,2017,Horta-Guinardó,15-19,41
255,2017,Horta-Guinardó,15-19,19
256,2017,Horta-Guinardó,15-19,75
257,2017,Horta-Guinardó,15-19,13
258,2017,Horta-Guinardó,15-19,76
259,2017,Horta-Guinardó,15-19,24
260,2017,Horta-Guinardó,15-19,47
261,2017,Horta-Guinardó,15-19,7
262,2017,Horta-Guinardó,15-19,9
263,2017,Horta-Guinardó,15-19,4
264,2017,Horta-Guinardó,15-19,70
265,2017,Nou Barris,15-19,55
266,2017,Nou Barris,15-19,74
267,2017,Nou Barris,15-19,60
268,2017,Nou Barris,15-19,6
269,2017,Nou Barris,15-19,20
270,2017,Nou Barris,15-19,9
271,2017,Nou Barris,15-19,55
272,2017,Nou Barris,15-19,47
273,2017,Nou Barris,15-19,79
274,2017,Nou Barris,15-19,28
275,2017,Nou Barris,15-19,4
276,2017,Nou Barris,15-19,55
277,2017,Nou Barris,15-19,3
278,2017,Sant Andreu,15-19,48
279,2017,Sant Andreu,15-19,5
280,2017,Sant Andreu,15-19,45
281,2017,Sant Andreu,15-19,74
282,2017,Sant Andreu,15-19,55
283,2017,Sant Andreu,15-19,35
284,2017,Sant Andreu,15-19,47
285,2017,Sant Martí,15-19,64
286,2017,Sant Martí,15-19,51
287,2017,Sant Martí,15-19,83
288,2017,Sant Martí,15-19,15
289,2017,Sant Martí,15-19,54
290,2017,Sant Martí,15-19,31
291,2017,Sant Martí,15-19,111
292,2017,Sant Martí,15-19,31
293,2017,Sant Martí,15-19,48
294,2017,Sant Martí,15-19,64
295,2017,No consta,15-19,0
296,2017,Ciutat Vella,20-24,864
297,2017,Ciutat Vella,20-24,493
298,2017,Ciutat Vella,20-24,342
299,2017,Ciutat Vella,20-24,458
300,2017,Eixample,20-24,324
301,2017,Eixample,20-24,537
302,2017,Eixample,20-24,458
303,2017,Eixample,20-24,521
304,2017,Eixample,20-24,552
305,2017,Eixample,20-24,359
306,2017,Sants-Montjuïc,20-24,429
307,2017,Sants-Montjuïc,20-24,6
308,2017,Sants-Montjuïc,20-24,177
309,2017,Sants-Montjuïc,20-24,82
310,2017,Sants-Montjuïc,20-24,169
311,2017,Sants-Montjuïc,20-24,112
312,2017,Sants-Montjuïc,20-24,201
313,2017,Sants-Montjuïc,20-24,420
314,2017,Les Corts,20-24,273
315,2017,Les Corts,20-24,182
316,2017,Les Corts,20-24,57
317,2017,Sarrià-Sant Gervasi,20-24,12
318,2017,Sarrià-Sant Gervasi,20-24,96
319,2017,Sarrià-Sant Gervasi,20-24,65
320,2017,Sarrià-Sant Gervasi,20-24,126
321,2017,Sarrià-Sant Gervasi,20-24,229
322,2017,Sarrià-Sant Gervasi,20-24,173
323,2017,Gràcia,20-24,110
324,2017,Gràcia,20-24,53
325,2017,Gràcia,20-24,87
326,2017,Gràcia,20-24,473
327,2017,Gràcia,20-24,239
328,2017,Horta-Guinardó,20-24,151
329,2017,Horta-Guinardó,20-24,53
330,2017,Horta-Guinardó,20-24,234
331,2017,Horta-Guinardó,20-24,33
332,2017,Horta-Guinardó,20-24,200
333,2017,Horta-Guinardó,20-24,73
334,2017,Horta-Guinardó,20-24,42
335,2017,Horta-Guinardó,20-24,27
336,2017,Horta-Guinardó,20-24,14
337,2017,Horta-Guinardó,20-24,6
338,2017,Horta-Guinardó,20-24,123
339,2017,Nou Barris,20-24,122
340,2017,Nou Barris,20-24,161
341,2017,Nou Barris,20-24,109
342,2017,Nou Barris,20-24,4
343,2017,Nou Barris,20-24,53
344,2017,Nou Barris,20-24,14
345,2017,Nou Barris,20-24,152
346,2017,Nou Barris,20-24,88
347,2017,Nou Barris,20-24,164
348,2017,Nou Barris,20-24,64
349,2017,Nou Barris,20-24,10
350,2017,Nou Barris,20-24,113
351,2017,Nou Barris,20-24,4
352,2017,Sant Andreu,20-24,80
353,2017,Sant Andreu,20-24,18
354,2017,Sant Andreu,20-24,83
355,2017,Sant Andreu,20-24,198
356,2017,Sant Andreu,20-24,161
357,2017,Sant Andreu,20-24,81
358,2017,Sant Andreu,20-24,109
359,2017,Sant Martí,20-24,298
360,2017,Sant Martí,20-24,175
361,2017,Sant Martí,20-24,171
362,2017,Sant Martí,20-24,28
363,2017,Sant Martí,20-24,165
364,2017,Sant Martí,20-24,47
365,2017,Sant Martí,20-24,271
366,2017,Sant Martí,20-24,93
367,2017,Sant Martí,20-24,110
368,2017,Sant Martí,20-24,130
369,2017,No consta,20-24,0
370,2017,Ciutat Vella,25-29,1393
371,2017,Ciutat Vella,25-29,763
372,2017,Ciutat Vella,25-29,482
373,2017,Ciutat Vella,25-29,795
374,2017,Eixample,25-29,556
375,2017,Eixample,25-29,912
376,2017,Eixample,25-29,788
377,2017,Eixample,25-29,927
378,2017,Eixample,25-29,1092
379,2017,Eixample,25-29,655
380,2017,Sants-Montjuïc,25-29,780
381,2017,Sants-Montjuïc,25-29,0
382,2017,Sants-Montjuïc,25-29,228
383,2017,Sants-Montjuïc,25-29,177
384,2017,Sants-Montjuïc,25-29,321
385,2017,Sants-Montjuïc,25-29,200
386,2017,Sants-Montjuïc,25-29,303
387,2017,Sants-Montjuïc,25-29,611
388,2017,Les Corts,25-29,483
389,2017,Les Corts,25-29,282
390,2017,Les Corts,25-29,95
391,2017,Sarrià-Sant Gervasi,25-29,19
392,2017,Sarrià-Sant Gervasi,25-29,153
393,2017,Sarrià-Sant Gervasi,25-29,69
394,2017,Sarrià-Sant Gervasi,25-29,153
395,2017,Sarrià-Sant Gervasi,25-29,414
396,2017,Sarrià-Sant Gervasi,25-29,328
397,2017,Gràcia,25-29,136
398,2017,Gràcia,25-29,82
399,2017,Gràcia,25-29,142
400,2017,Gràcia,25-29,994
401,2017,Gràcia,25-29,472
402,2017,Horta-Guinardó,25-29,287
403,2017,Horta-Guinardó,25-29,99
404,2017,Horta-Guinardó,25-29,359
405,2017,Horta-Guinardó,25-29,52
406,2017,Horta-Guinardó,25-29,272
407,2017,Horta-Guinardó,25-29,106
408,2017,Horta-Guinardó,25-29,67
409,2017,Horta-Guinardó,25-29,65
410,2017,Horta-Guinardó,25-29,28
411,2017,Horta-Guinardó,25-29,4
412,2017,Horta-Guinardó,25-29,189
413,2017,Nou Barris,25-29,186
414,2017,Nou Barris,25-29,235
415,2017,Nou Barris,25-29,131
416,2017,Nou Barris,25-29,10
417,2017,Nou Barris,25-29,73
418,2017,Nou Barris,25-29,11
419,2017,Nou Barris,25-29,126
420,2017,Nou Barris,25-29,133
421,2017,Nou Barris,25-29,208
422,2017,Nou Barris,25-29,76
423,2017,Nou Barris,25-29,11
424,2017,Nou Barris,25-29,136
425,2017,Nou Barris,25-29,8
426,2017,Sant Andreu,25-29,106
427,2017,Sant Andreu,25-29,9
428,2017,Sant Andreu,25-29,113
429,2017,Sant Andreu,25-29,332
430,2017,Sant Andreu,25-29,268
431,2017,Sant Andreu,25-29,101
432,2017,Sant Andreu,25-29,202
433,2017,Sant Martí,25-29,549
434,2017,Sant Martí,25-29,298
435,2017,Sant Martí,25-29,213
436,2017,Sant Martí,25-29,65
437,2017,Sant Martí,25-29,375
438,2017,Sant Martí,25-29,93
439,2017,Sant Martí,25-29,318
440,2017,Sant Martí,25-29,189
441,2017,Sant Martí,25-29,219
442,2017,Sant Martí,25-29,191
443,2017,No consta,25-29,1
444,2017,Ciutat Vella,30-34,940
445,2017,Ciutat Vella,30-34,470
446,2017,Ciutat Vella,30-34,314
447,2017,Ciutat Vella,30-34,469
448,2017,Eixample,30-34,364
449,2017,Eixample,30-34,589
450,2017,Eixample,30-34,530
451,2017,Eixample,30-34,615
452,2017,Eixample,30-34,734
453,2017,Eixample,30-34,442
454,2017,Sants-Montjuïc,30-34,555
455,2017,Sants-Montjuïc,30-34,10
456,2017,Sants-Montjuïc,30-34,168
457,2017,Sants-Montjuïc,30-34,102
458,2017,Sants-Montjuïc,30-34,205
459,2017,Sants-Montjuïc,30-34,188
460,2017,Sants-Montjuïc,30-34,239
461,2017,Sants-Montjuïc,30-34,454
462,2017,Les Corts,30-34,331
463,2017,Les Corts,30-34,196
464,2017,Les Corts,30-34,85
465,2017,Sarrià-Sant Gervasi,30-34,20
466,2017,Sarrià-Sant Gervasi,30-34,140
467,2017,Sarrià-Sant Gervasi,30-34,86
468,2017,Sarrià-Sant Gervasi,30-34,128
469,2017,Sarrià-Sant Gervasi,30-34,330
470,2017,Sarrià-Sant Gervasi,30-34,229
471,2017,Gràcia,30-34,132
472,2017,Gràcia,30-34,60
473,2017,Gràcia,30-34,121
474,2017,Gràcia,30-34,760
475,2017,Gràcia,30-34,328
476,2017,Horta-Guinardó,30-34,201
477,2017,Horta-Guinardó,30-34,93
478,2017,Horta-Guinardó,30-34,306
479,2017,Horta-Guinardó,30-34,41
480,2017,Horta-Guinardó,30-34,209
481,2017,Horta-Guinardó,30-34,82
482,2017,Horta-Guinardó,30-34,28
483,2017,Horta-Guinardó,30-34,42
484,2017,Horta-Guinardó,30-34,39
485,2017,Horta-Guinardó,30-34,7
486,2017,Horta-Guinardó,30-34,161
487,2017,Nou Barris,30-34,143
488,2017,Nou Barris,30-34,168
489,2017,Nou Barris,30-34,126
490,2017,Nou Barris,30-34,3
491,2017,Nou Barris,30-34,60
492,2017,Nou Barris,30-34,18
493,2017,Nou Barris,30-34,126
494,2017,Nou Barris,30-34,85
495,2017,Nou Barris,30-34,161
496,2017,Nou Barris,30-34,58
497,2017,Nou Barris,30-34,15
498,2017,Nou Barris,30-34,116
499,2017,Nou Barris,30-34,10
500,2017,Sant Andreu,30-34,88
501,2017,Sant Andreu,30-34,8
502,2017,Sant Andreu,30-34,82
503,2017,Sant Andreu,30-34,296
504,2017,Sant Andreu,30-34,179
505,2017,Sant Andreu,30-34,101
506,2017,Sant Andreu,30-34,177
507,2017,Sant Martí,30-34,389
508,2017,Sant Martí,30-34,232
509,2017,Sant Martí,30-34,146
510,2017,Sant Martí,30-34,58
511,2017,Sant Martí,30-34,331
512,2017,Sant Martí,30-34,112
513,2017,Sant Martí,30-34,237
514,2017,Sant Martí,30-34,174
515,2017,Sant Martí,30-34,188
516,2017,Sant Martí,30-34,172
517,2017,No consta,30-34,0
518,2017,Ciutat Vella,35-39,594
519,2017,Ciutat Vella,35-39,273
520,2017,Ciutat Vella,35-39,181
521,2017,Ciutat Vella,35-39,282
522,2017,Eixample,35-39,249
523,2017,Eixample,35-39,351
524,2017,Eixample,35-39,309
525,2017,Eixample,35-39,319
526,2017,Eixample,35-39,406
527,2017,Eixample,35-39,240
528,2017,Sants-Montjuïc,35-39,341
529,2017,Sants-Montjuïc,35-39,2
530,2017,Sants-Montjuïc,35-39,164
531,2017,Sants-Montjuïc,35-39,68
532,2017,Sants-Montjuïc,35-39,107
533,2017,Sants-Montjuïc,35-39,93
534,2017,Sants-Montjuïc,35-39,165
535,2017,Sants-Montjuïc,35-39,321
536,2017,Les Corts,35-39,214
537,2017,Les Corts,35-39,149
538,2017,Les Corts,35-39,66
539,2017,Sarrià-Sant Gervasi,35-39,25
540,2017,Sarrià-Sant Gervasi,35-39,130
541,2017,Sarrià-Sant Gervasi,35-39,70
542,2017,Sarrià-Sant Gervasi,35-39,115
543,2017,Sarrià-Sant Gervasi,35-39,217
544,2017,Sarrià-Sant Gervasi,35-39,140
545,2017,Gràcia,35-39,80
546,2017,Gràcia,35-39,31
547,2017,Gràcia,35-39,82
548,2017,Gràcia,35-39,386
549,2017,Gràcia,35-39,170
550,2017,Horta-Guinardó,35-39,163
551,2017,Horta-Guinardó,35-39,62
552,2017,Horta-Guinardó,35-39,228
553,2017,Horta-Guinardó,35-39,22
554,2017,Horta-Guinardó,35-39,166
555,2017,Horta-Guinardó,35-39,50
556,2017,Horta-Guinardó,35-39,43
557,2017,Horta-Guinardó,35-39,27
558,2017,Horta-Guinardó,35-39,16
559,2017,Horta-Guinardó,35-39,7
560,2017,Horta-Guinardó,35-39,142
561,2017,Nou Barris,35-39,117
562,2017,Nou Barris,35-39,153
563,2017,Nou Barris,35-39,86
564,2017,Nou Barris,35-39,9
565,2017,Nou Barris,35-39,47
566,2017,Nou Barris,35-39,16
567,2017,Nou Barris,35-39,93
568,2017,Nou Barris,35-39,62
569,2017,Nou Barris,35-39,126
570,2017,Nou Barris,35-39,43
571,2017,Nou Barris,35-39,7
572,2017,Nou Barris,35-39,77
573,2017,Nou Barris,35-39,8
574,2017,Sant Andreu,35-39,67
575,2017,Sant Andreu,35-39,9
576,2017,Sant Andreu,35-39,62
577,2017,Sant Andreu,35-39,225
578,2017,Sant Andreu,35-39,173
579,2017,Sant Andreu,35-39,57
580,2017,Sant Andreu,35-39,103
581,2017,Sant Martí,35-39,235
582,2017,Sant Martí,35-39,141
583,2017,Sant Martí,35-39,114
584,2017,Sant Martí,35-39,46
585,2017,Sant Martí,35-39,227
586,2017,Sant Martí,35-39,121
587,2017,Sant Martí,35-39,231
588,2017,Sant Martí,35-39,115
589,2017,Sant Martí,35-39,107
590,2017,Sant Martí,35-39,122
591,2017,No consta,35-39,0
592,2017,Ciutat Vella,40-44,347
593,2017,Ciutat Vella,40-44,155
594,2017,Ciutat Vella,40-44,101
595,2017,Ciutat Vella,40-44,143
596,2017,Eixample,40-44,129
597,2017,Eixample,40-44,206
598,2017,Eixample,40-44,193
599,2017,Eixample,40-44,197
600,2017,Eixample,40-44,221
601,2017,Eixample,40-44,173
602,2017,Sants-Montjuïc,40-44,205
603,2017,Sants-Montjuïc,40-44,4
604,2017,Sants-Montjuïc,40-44,106
605,2017,Sants-Montjuïc,40-44,45
606,2017,Sants-Montjuïc,40-44,69
607,2017,Sants-Montjuïc,40-44,62
608,2017,Sants-Montjuïc,40-44,119
609,2017,Sants-Montjuïc,40-44,197
610,2017,Les Corts,40-44,199
611,2017,Les Corts,40-44,91
612,2017,Les Corts,40-44,73
613,2017,Sarrià-Sant Gervasi,40-44,18
614,2017,Sarrià-Sant Gervasi,40-44,128
615,2017,Sarrià-Sant Gervasi,40-44,70
616,2017,Sarrià-Sant Gervasi,40-44,93
617,2017,Sarrià-Sant Gervasi,40-44,194
618,2017,Sarrià-Sant Gervasi,40-44,109
619,2017,Gràcia,40-44,48
620,2017,Gràcia,40-44,24
621,2017,Gràcia,40-44,41
622,2017,Gràcia,40-44,219
623,2017,Gràcia,40-44,114
624,2017,Horta-Guinardó,40-44,75
625,2017,Horta-Guinardó,40-44,35
626,2017,Horta-Guinardó,40-44,125
627,2017,Horta-Guinardó,40-44,32
628,2017,Horta-Guinardó,40-44,101
629,2017,Horta-Guinardó,40-44,37
630,2017,Horta-Guinardó,40-44,20
631,2017,Horta-Guinardó,40-44,13
632,2017,Horta-Guinardó,40-44,13
633,2017,Horta-Guinardó,40-44,3
634,2017,Horta-Guinardó,40-44,96
635,2017,Nou Barris,40-44,85
636,2017,Nou Barris,40-44,108
637,2017,Nou Barris,40-44,61
638,2017,Nou Barris,40-44,3
639,2017,Nou Barris,40-44,36
640,2017,Nou Barris,40-44,16
641,2017,Nou Barris,40-44,63
642,2017,Nou Barris,40-44,48
643,2017,Nou Barris,40-44,94
644,2017,Nou Barris,40-44,46
645,2017,Nou Barris,40-44,9
646,2017,Nou Barris,40-44,65
647,2017,Nou Barris,40-44,11
648,2017,Sant Andreu,40-44,58
649,2017,Sant Andreu,40-44,8
650,2017,Sant Andreu,40-44,67
651,2017,Sant Andreu,40-44,179
652,2017,Sant Andreu,40-44,99
653,2017,Sant Andreu,40-44,50
654,2017,Sant Andreu,40-44,85
655,2017,Sant Martí,40-44,147
656,2017,Sant Martí,40-44,91
657,2017,Sant Martí,40-44,49
658,2017,Sant Martí,40-44,43
659,2017,Sant Martí,40-44,152
660,2017,Sant Martí,40-44,82
661,2017,Sant Martí,40-44,195
662,2017,Sant Martí,40-44,71
663,2017,Sant Martí,40-44,72
664,2017,Sant Martí,40-44,110
665,2017,No consta,40-44,0
666,2017,Ciutat Vella,45-49,229
667,2017,Ciutat Vella,45-49,102
668,2017,Ciutat Vella,45-49,72
669,2017,Ciutat Vella,45-49,87
670,2017,Eixample,45-49,90
671,2017,Eixample,45-49,134
672,2017,Eixample,45-49,154
673,2017,Eixample,45-49,151
674,2017,Eixample,45-49,164
675,2017,Eixample,45-49,94
676,2017,Sants-Montjuïc,45-49,113
677,2017,Sants-Montjuïc,45-49,3
678,2017,Sants-Montjuïc,45-49,101
679,2017,Sants-Montjuïc,45-49,33
680,2017,Sants-Montjuïc,45-49,58
681,2017,Sants-Montjuïc,45-49,37
682,2017,Sants-Montjuïc,45-49,68
683,2017,Sants-Montjuïc,45-49,118
684,2017,Les Corts,45-49,93
685,2017,Les Corts,45-49,64
686,2017,Les Corts,45-49,57
687,2017,Sarrià-Sant Gervasi,45-49,18
688,2017,Sarrià-Sant Gervasi,45-49,77
689,2017,Sarrià-Sant Gervasi,45-49,45
690,2017,Sarrià-Sant Gervasi,45-49,80
691,2017,Sarrià-Sant Gervasi,45-49,168
692,2017,Sarrià-Sant Gervasi,45-49,80
693,2017,Gràcia,45-49,33
694,2017,Gràcia,45-49,13
695,2017,Gràcia,45-49,28
696,2017,Gràcia,45-49,121
697,2017,Gràcia,45-49,60
698,2017,Horta-Guinardó,45-49,56
699,2017,Horta-Guinardó,45-49,16
700,2017,Horta-Guinardó,45-49,94
701,2017,Horta-Guinardó,45-49,7
702,2017,Horta-Guinardó,45-49,67
703,2017,Horta-Guinardó,45-49,17
704,2017,Horta-Guinardó,45-49,14
705,2017,Horta-Guinardó,45-49,15
706,2017,Horta-Guinardó,45-49,11
707,2017,Horta-Guinardó,45-49,2
708,2017,Horta-Guinardó,45-49,60
709,2017,Nou Barris,45-49,60
710,2017,Nou Barris,45-49,108
711,2017,Nou Barris,45-49,44
712,2017,Nou Barris,45-49,5
713,2017,Nou Barris,45-49,38
714,2017,Nou Barris,45-49,8
715,2017,Nou Barris,45-49,55
716,2017,Nou Barris,45-49,36
717,2017,Nou Barris,45-49,74
718,2017,Nou Barris,45-49,23
719,2017,Nou Barris,45-49,5
720,2017,Nou Barris,45-49,45
721,2017,Nou Barris,45-49,3
722,2017,Sant Andreu,45-49,36
723,2017,Sant Andreu,45-49,5
724,2017,Sant Andreu,45-49,35
725,2017,Sant Andreu,45-49,108
726,2017,Sant Andreu,45-49,66
727,2017,Sant Andreu,45-49,43
728,2017,Sant Andreu,45-49,47
729,2017,Sant Martí,45-49,91
730,2017,Sant Martí,45-49,71
731,2017,Sant Martí,45-49,28
732,2017,Sant Martí,45-49,23
733,2017,Sant Martí,45-49,77
734,2017,Sant Martí,45-49,38
735,2017,Sant Martí,45-49,106
736,2017,Sant Martí,45-49,49
737,2017,Sant Martí,45-49,62
738,2017,Sant Martí,45-49,72
739,2017,No consta,45-49,0
740,2017,Ciutat Vella,50-54,132
741,2017,Ciutat Vella,50-54,81
742,2017,Ciutat Vella,50-54,53
743,2017,Ciutat Vella,50-54,73
744,2017,Eixample,50-54,82
745,2017,Eixample,50-54,115
746,2017,Eixample,50-54,114
747,2017,Eixample,50-54,115
748,2017,Eixample,50-54,124
749,2017,Eixample,50-54,79
750,2017,Sants-Montjuïc,50-54,100
751,2017,Sants-Montjuïc,50-54,1
752,2017,Sants-Montjuïc,50-54,63
753,2017,Sants-Montjuïc,50-54,20
754,2017,Sants-Montjuïc,50-54,29
755,2017,Sants-Montjuïc,50-54,33
756,2017,Sants-Montjuïc,50-54,55
757,2017,Sants-Montjuïc,50-54,106
758,2017,Les Corts,50-54,79
759,2017,Les Corts,50-54,40
760,2017,Les Corts,50-54,32
761,2017,Sarrià-Sant Gervasi,50-54,11
762,2017,Sarrià-Sant Gervasi,50-54,58
763,2017,Sarrià-Sant Gervasi,50-54,25
764,2017,Sarrià-Sant Gervasi,50-54,59
765,2017,Sarrià-Sant Gervasi,50-54,129
766,2017,Sarrià-Sant Gervasi,50-54,61
767,2017,Gràcia,50-54,34
768,2017,Gràcia,50-54,10
769,2017,Gràcia,50-54,16
770,2017,Gràcia,50-54,83
771,2017,Gràcia,50-54,50
772,2017,Horta-Guinardó,50-54,33
773,2017,Horta-Guinardó,50-54,16
774,2017,Horta-Guinardó,50-54,86
775,2017,Horta-Guinardó,50-54,17
776,2017,Horta-Guinardó,50-54,52
777,2017,Horta-Guinardó,50-54,21
778,2017,Horta-Guinardó,50-54,24
779,2017,Horta-Guinardó,50-54,7
780,2017,Horta-Guinardó,50-54,10
781,2017,Horta-Guinardó,50-54,2
782,2017,Horta-Guinardó,50-54,41
783,2017,Nou Barris,50-54,46
784,2017,Nou Barris,50-54,72
785,2017,Nou Barris,50-54,31
786,2017,Nou Barris,50-54,6
787,2017,Nou Barris,50-54,39
788,2017,Nou Barris,50-54,7
789,2017,Nou Barris,50-54,42
790,2017,Nou Barris,50-54,20
791,2017,Nou Barris,50-54,53
792,2017,Nou Barris,50-54,10
793,2017,Nou Barris,50-54,9
794,2017,Nou Barris,50-54,49
795,2017,Nou Barris,50-54,3
796,2017,Sant Andreu,50-54,29
797,2017,Sant Andreu,50-54,3
798,2017,Sant Andreu,50-54,30
799,2017,Sant Andreu,50-54,92
800,2017,Sant Andreu,50-54,59
801,2017,Sant Andreu,50-54,29
802,2017,Sant Andreu,50-54,31
803,2017,Sant Martí,50-54,68
804,2017,Sant Martí,50-54,40
805,2017,Sant Martí,50-54,14
806,2017,Sant Martí,50-54,22
807,2017,Sant Martí,50-54,57
808,2017,Sant Martí,50-54,47
809,2017,Sant Martí,50-54,81
810,2017,Sant Martí,50-54,50
811,2017,Sant Martí,50-54,43
812,2017,Sant Martí,50-54,63
813,2017,No consta,50-54,0
814,2017,Ciutat Vella,55-59,95
815,2017,Ciutat Vella,55-59,55
816,2017,Ciutat Vella,55-59,38
817,2017,Ciutat Vella,55-59,32
818,2017,Eixample,55-59,46
819,2017,Eixample,55-59,88
820,2017,Eixample,55-59,89
821,2017,Eixample,55-59,92
822,2017,Eixample,55-59,79
823,2017,Eixample,55-59,51
824,2017,Sants-Montjuïc,55-59,68
825,2017,Sants-Montjuïc,55-59,0
826,2017,Sants-Montjuïc,55-59,51
827,2017,Sants-Montjuïc,55-59,9
828,2017,Sants-Montjuïc,55-59,23
829,2017,Sants-Montjuïc,55-59,22
830,2017,Sants-Montjuïc,55-59,48
831,2017,Sants-Montjuïc,55-59,68
832,2017,Les Corts,55-59,49
833,2017,Les Corts,55-59,32
834,2017,Les Corts,55-59,22
835,2017,Sarrià-Sant Gervasi,55-59,4
836,2017,Sarrià-Sant Gervasi,55-59,39
837,2017,Sarrià-Sant Gervasi,55-59,19
838,2017,Sarrià-Sant Gervasi,55-59,31
839,2017,Sarrià-Sant Gervasi,55-59,100
840,2017,Sarrià-Sant Gervasi,55-59,32
841,2017,Gràcia,55-59,28
842,2017,Gràcia,55-59,8
843,2017,Gràcia,55-59,12
844,2017,Gràcia,55-59,69
845,2017,Gràcia,55-59,37
846,2017,Horta-Guinardó,55-59,44
847,2017,Horta-Guinardó,55-59,14
848,2017,Horta-Guinardó,55-59,44
849,2017,Horta-Guinardó,55-59,7
850,2017,Horta-Guinardó,55-59,35
851,2017,Horta-Guinardó,55-59,14
852,2017,Horta-Guinardó,55-59,12
853,2017,Horta-Guinardó,55-59,3
854,2017,Horta-Guinardó,55-59,10
855,2017,Horta-Guinardó,55-59,0
856,2017,Horta-Guinardó,55-59,33
857,2017,Nou Barris,55-59,37
858,2017,Nou Barris,55-59,54
859,2017,Nou Barris,55-59,34
860,2017,Nou Barris,55-59,1
861,2017,Nou Barris,55-59,19
862,2017,Nou Barris,55-59,7
863,2017,Nou Barris,55-59,29
864,2017,Nou Barris,55-59,13
865,2017,Nou Barris,55-59,31
866,2017,Nou Barris,55-59,14
867,2017,Nou Barris,55-59,0
868,2017,Nou Barris,55-59,22
869,2017,Nou Barris,55-59,1
870,2017,Sant Andreu,55-59,24
871,2017,Sant Andreu,55-59,3
872,2017,Sant Andreu,55-59,20
873,2017,Sant Andreu,55-59,70
874,2017,Sant Andreu,55-59,39
875,2017,Sant Andreu,55-59,19
876,2017,Sant Andreu,55-59,27
877,2017,Sant Martí,55-59,52
878,2017,Sant Martí,55-59,29
879,2017,Sant Martí,55-59,25
880,2017,Sant Martí,55-59,13
881,2017,Sant Martí,55-59,33
882,2017,Sant Martí,55-59,27
883,2017,Sant Martí,55-59,54
884,2017,Sant Martí,55-59,31
885,2017,Sant Martí,55-59,35
886,2017,Sant Martí,55-59,39
887,2017,No consta,55-59,0
888,2017,Ciutat Vella,60-64,60
889,2017,Ciutat Vella,60-64,33
890,2017,Ciutat Vella,60-64,30
891,2017,Ciutat Vella,60-64,37
892,2017,Eixample,60-64,36
893,2017,Eixample,60-64,77
894,2017,Eixample,60-64,73
895,2017,Eixample,60-64,65
896,2017,Eixample,60-64,73
897,2017,Eixample,60-64,39
898,2017,Sants-Montjuïc,60-64,55
899,2017,Sants-Montjuïc,60-64,0
900,2017,Sants-Montjuïc,60-64,36
901,2017,Sants-Montjuïc,60-64,12
902,2017,Sants-Montjuïc,60-64,22
903,2017,Sants-Montjuïc,60-64,20
904,2017,Sants-Montjuïc,60-64,30
905,2017,Sants-Montjuïc,60-64,48
906,2017,Les Corts,60-64,62
907,2017,Les Corts,60-64,29
908,2017,Les Corts,60-64,21
909,2017,Sarrià-Sant Gervasi,60-64,5
910,2017,Sarrià-Sant Gervasi,60-64,26
911,2017,Sarrià-Sant Gervasi,60-64,14
912,2017,Sarrià-Sant Gervasi,60-64,24
913,2017,Sarrià-Sant Gervasi,60-64,64
914,2017,Sarrià-Sant Gervasi,60-64,31
915,2017,Gràcia,60-64,18
916,2017,Gràcia,60-64,7
917,2017,Gràcia,60-64,13
918,2017,Gràcia,60-64,47
919,2017,Gràcia,60-64,28
920,2017,Horta-Guinardó,60-64,33
921,2017,Horta-Guinardó,60-64,10
922,2017,Horta-Guinardó,60-64,39
923,2017,Horta-Guinardó,60-64,13
924,2017,Horta-Guinardó,60-64,26
925,2017,Horta-Guinardó,60-64,16
926,2017,Horta-Guinardó,60-64,10
927,2017,Horta-Guinardó,60-64,4
928,2017,Horta-Guinardó,60-64,0
929,2017,Horta-Guinardó,60-64,0
930,2017,Horta-Guinardó,60-64,21
931,2017,Nou Barris,60-64,21
932,2017,Nou Barris,60-64,34
933,2017,Nou Barris,60-64,17
934,2017,Nou Barris,60-64,1
935,2017,Nou Barris,60-64,14
936,2017,Nou Barris,60-64,8
937,2017,Nou Barris,60-64,20
938,2017,Nou Barris,60-64,11
939,2017,Nou Barris,60-64,25
940,2017,Nou Barris,60-64,14
941,2017,Nou Barris,60-64,1
942,2017,Nou Barris,60-64,19
943,2017,Nou Barris,60-64,1
944,2017,Sant Andreu,60-64,16
945,2017,Sant Andreu,60-64,1
946,2017,Sant Andreu,60-64,15
947,2017,Sant Andreu,60-64,51
948,2017,Sant Andreu,60-64,45
949,2017,Sant Andreu,60-64,11
950,2017,Sant Andreu,60-64,21
951,2017,Sant Martí,60-64,39
952,2017,Sant Martí,60-64,26
953,2017,Sant Martí,60-64,17
954,2017,Sant Martí,60-64,12
955,2017,Sant Martí,60-64,38
956,2017,Sant Martí,60-64,14
957,2017,Sant Martí,60-64,54
958,2017,Sant Martí,60-64,24
959,2017,Sant Martí,60-64,29
960,2017,Sant Martí,60-64,42
961,2017,No consta,60-64,0
962,2017,Ciutat Vella,65-69,35
963,2017,Ciutat Vella,65-69,22
964,2017,Ciutat Vella,65-69,9
965,2017,Ciutat Vella,65-69,21
966,2017,Eixample,65-69,27
967,2017,Eixample,65-69,55
968,2017,Eixample,65-69,35
969,2017,Eixample,65-69,48
970,2017,Eixample,65-69,77
971,2017,Eixample,65-69,50
972,2017,Sants-Montjuïc,65-69,21
973,2017,Sants-Montjuïc,65-69,1
974,2017,Sants-Montjuïc,65-69,31
975,2017,Sants-Montjuïc,65-69,9
976,2017,Sants-Montjuïc,65-69,6
977,2017,Sants-Montjuïc,65-69,14
978,2017,Sants-Montjuïc,65-69,15
979,2017,Sants-Montjuïc,65-69,48
980,2017,Les Corts,65-69,47
981,2017,Les Corts,65-69,24
982,2017,Les Corts,65-69,15
983,2017,Sarrià-Sant Gervasi,65-69,6
984,2017,Sarrià-Sant Gervasi,65-69,19
985,2017,Sarrià-Sant Gervasi,65-69,15
986,2017,Sarrià-Sant Gervasi,65-69,22
987,2017,Sarrià-Sant Gervasi,65-69,42
988,2017,Sarrià-Sant Gervasi,65-69,21
989,2017,Gràcia,65-69,13
990,2017,Gràcia,65-69,3
991,2017,Gràcia,65-69,6
992,2017,Gràcia,65-69,39
993,2017,Gràcia,65-69,42
994,2017,Horta-Guinardó,65-69,28
995,2017,Horta-Guinardó,65-69,5
996,2017,Horta-Guinardó,65-69,27
997,2017,Horta-Guinardó,65-69,5
998,2017,Horta-Guinardó,65-69,18
999,2017,Horta-Guinardó,65-69,10
1000,2017,Horta-Guinardó,65-69,6
1001,2017,Horta-Guinardó,65-69,2
1002,2017,Horta-Guinardó,65-69,0
1003,2017,Horta-Guinardó,65-69,0
1004,2017,Horta-Guinardó,65-69,15
1005,2017,Nou Barris,65-69,17
1006,2017,Nou Barris,65-69,18
1007,2017,Nou Barris,65-69,17
1008,2017,Nou Barris,65-69,1
1009,2017,Nou Barris,65-69,4
1010,2017,Nou Barris,65-69,3
1011,2017,Nou Barris,65-69,17
1012,2017,Nou Barris,65-69,16
1013,2017,Nou Barris,65-69,22
1014,2017,Nou Barris,65-69,8
1015,2017,Nou Barris,65-69,2
1016,2017,Nou Barris,65-69,7
1017,2017,Nou Barris,65-69,0
1018,2017,Sant Andreu,65-69,7
1019,2017,Sant Andreu,65-69,4
1020,2017,Sant Andreu,65-69,4
1021,2017,Sant Andreu,65-69,48
1022,2017,Sant Andreu,65-69,28
1023,2017,Sant Andreu,65-69,14
1024,2017,Sant Andreu,65-69,11
1025,2017,Sant Martí,65-69,44
1026,2017,Sant Martí,65-69,16
1027,2017,Sant Martí,65-69,19
1028,2017,Sant Martí,65-69,10
1029,2017,Sant Martí,65-69,36
1030,2017,Sant Martí,65-69,16
1031,2017,Sant Martí,65-69,23
1032,2017,Sant Martí,65-69,12
1033,2017,Sant Martí,65-69,15
1034,2017,Sant Martí,65-69,31
1035,2017,No consta,65-69,0
1036,2017,Ciutat Vella,70-74,16
1037,2017,Ciutat Vella,70-74,9
1038,2017,Ciutat Vella,70-74,6
1039,2017,Ciutat Vella,70-74,11
1040,2017,Eixample,70-74,30
1041,2017,Eixample,70-74,40
1042,2017,Eixample,70-74,26
1043,2017,Eixample,70-74,42
1044,2017,Eixample,70-74,40
1045,2017,Eixample,70-74,31
1046,2017,Sants-Montjuïc,70-74,16
1047,2017,Sants-Montjuïc,70-74,0
1048,2017,Sants-Montjuïc,70-74,15
1049,2017,Sants-Montjuïc,70-74,5
1050,2017,Sants-Montjuïc,70-74,4
1051,2017,Sants-Montjuïc,70-74,9
1052,2017,Sants-Montjuïc,70-74,16
1053,2017,Sants-Montjuïc,70-74,19
1054,2017,Les Corts,70-74,30
1055,2017,Les Corts,70-74,7
1056,2017,Les Corts,70-74,6
1057,2017,Sarrià-Sant Gervasi,70-74,1
1058,2017,Sarrià-Sant Gervasi,70-74,16
1059,2017,Sarrià-Sant Gervasi,70-74,8
1060,2017,Sarrià-Sant Gervasi,70-74,27
1061,2017,Sarrià-Sant Gervasi,70-74,33
1062,2017,Sarrià-Sant Gervasi,70-74,20
1063,2017,Gràcia,70-74,9
1064,2017,Gràcia,70-74,3
1065,2017,Gràcia,70-74,13
1066,2017,Gràcia,70-74,21
1067,2017,Gràcia,70-74,20
1068,2017,Horta-Guinardó,70-74,9
1069,2017,Horta-Guinardó,70-74,5
1070,2017,Horta-Guinardó,70-74,24
1071,2017,Horta-Guinardó,70-74,5
1072,2017,Horta-Guinardó,70-74,10
1073,2017,Horta-Guinardó,70-74,8
1074,2017,Horta-Guinardó,70-74,10
1075,2017,Horta-Guinardó,70-74,7
1076,2017,Horta-Guinardó,70-74,1
1077,2017,Horta-Guinardó,70-74,0
1078,2017,Horta-Guinardó,70-74,18
1079,2017,Nou Barris,70-74,18
1080,2017,Nou Barris,70-74,11
1081,2017,Nou Barris,70-74,8
1082,2017,Nou Barris,70-74,1
1083,2017,Nou Barris,70-74,6
1084,2017,Nou Barris,70-74,2
1085,2017,Nou Barris,70-74,4
1086,2017,Nou Barris,70-74,9
1087,2017,Nou Barris,70-74,8
1088,2017,Nou Barris,70-74,4
1089,2017,Nou Barris,70-74,1
1090,2017,Nou Barris,70-74,5
1091,2017,Nou Barris,70-74,0
1092,2017,Sant Andreu,70-74,3
1093,2017,Sant Andreu,70-74,2
1094,2017,Sant Andreu,70-74,8
1095,2017,Sant Andreu,70-74,32
1096,2017,Sant Andreu,70-74,18
1097,2017,Sant Andreu,70-74,8
1098,2017,Sant Andreu,70-74,16
1099,2017,Sant Martí,70-74,16
1100,2017,Sant Martí,70-74,12
1101,2017,Sant Martí,70-74,8
1102,2017,Sant Martí,70-74,8
1103,2017,Sant Martí,70-74,13
1104,2017,Sant Martí,70-74,6
1105,2017,Sant Martí,70-74,18
1106,2017,Sant Martí,70-74,14
1107,2017,Sant Martí,70-74,12
1108,2017,Sant Martí,70-74,21
1109,2017,No consta,70-74,1
1110,2017,Ciutat Vella,75-79,12
1111,2017,Ciutat Vella,75-79,5
1112,2017,Ciutat Vella,75-79,5
1113,2017,Ciutat Vella,75-79,5
1114,2017,Eixample,75-79,14
1115,2017,Eixample,75-79,21
1116,2017,Eixample,75-79,27
1117,2017,Eixample,75-79,15
1118,2017,Eixample,75-79,33
1119,2017,Eixample,75-79,11
1120,2017,Sants-Montjuïc,75-79,12
1121,2017,Sants-Montjuïc,75-79,0
1122,2017,Sants-Montjuïc,75-79,15
1123,2017,Sants-Montjuïc,75-79,6
1124,2017,Sants-Montjuïc,75-79,3
1125,2017,Sants-Montjuïc,75-79,5
1126,2017,Sants-Montjuïc,75-79,9
1127,2017,Sants-Montjuïc,75-79,20
1128,2017,Les Corts,75-79,20
1129,2017,Les Corts,75-79,6
1130,2017,Les Corts,75-79,10
1131,2017,Sarrià-Sant Gervasi,75-79,2
1132,2017,Sarrià-Sant Gervasi,75-79,9
1133,2017,Sarrià-Sant Gervasi,75-79,10
1134,2017,Sarrià-Sant Gervasi,75-79,15
1135,2017,Sarrià-Sant Gervasi,75-79,24
1136,2017,Sarrià-Sant Gervasi,75-79,19
1137,2017,Gràcia,75-79,5
1138,2017,Gràcia,75-79,2
1139,2017,Gràcia,75-79,3
1140,2017,Gràcia,75-79,18
1141,2017,Gràcia,75-79,10
1142,2017,Horta-Guinardó,75-79,13
1143,2017,Horta-Guinardó,75-79,6
1144,2017,Horta-Guinardó,75-79,9
1145,2017,Horta-Guinardó,75-79,2
1146,2017,Horta-Guinardó,75-79,6
1147,2017,Horta-Guinardó,75-79,2
1148,2017,Horta-Guinardó,75-79,3
1149,2017,Horta-Guinardó,75-79,3
1150,2017,Horta-Guinardó,75-79,4
1151,2017,Horta-Guinardó,75-79,0
1152,2017,Horta-Guinardó,75-79,6
1153,2017,Nou Barris,75-79,6
1154,2017,Nou Barris,75-79,7
1155,2017,Nou Barris,75-79,0
1156,2017,Nou Barris,75-79,0
1157,2017,Nou Barris,75-79,9
1158,2017,Nou Barris,75-79,1
1159,2017,Nou Barris,75-79,6
1160,2017,Nou Barris,75-79,3
1161,2017,Nou Barris,75-79,11
1162,2017,Nou Barris,75-79,2
1163,2017,Nou Barris,75-79,0
1164,2017,Nou Barris,75-79,7
1165,2017,Nou Barris,75-79,1
1166,2017,Sant Andreu,75-79,3
1167,2017,Sant Andreu,75-79,0
1168,2017,Sant Andreu,75-79,5
1169,2017,Sant Andreu,75-79,17
1170,2017,Sant Andreu,75-79,11
1171,2017,Sant Andreu,75-79,3
1172,2017,Sant Andreu,75-79,10
1173,2017,Sant Martí,75-79,11
1174,2017,Sant Martí,75-79,7
1175,2017,Sant Martí,75-79,5
1176,2017,Sant Martí,75-79,5
1177,2017,Sant Martí,75-79,3
1178,2017,Sant Martí,75-79,2
1179,2017,Sant Martí,75-79,7
1180,2017,Sant Martí,75-79,6
1181,2017,Sant Martí,75-79,11
1182,2017,Sant Martí,75-79,12
1183,2017,No consta,75-79,0
1184,2017,Ciutat Vella,80-84,9
1185,2017,Ciutat Vella,80-84,2
1186,2017,Ciutat Vella,80-84,6
1187,2017,Ciutat Vella,80-84,3
1188,2017,Eixample,80-84,10
1189,2017,Eixample,80-84,21
1190,2017,Eixample,80-84,16
1191,2017,Eixample,80-84,12
1192,2017,Eixample,80-84,24
1193,2017,Eixample,80-84,8
1194,2017,Sants-Montjuïc,80-84,8
1195,2017,Sants-Montjuïc,80-84,0
1196,2017,Sants-Montjuïc,80-84,17
1197,2017,Sants-Montjuïc,80-84,4
1198,2017,Sants-Montjuïc,80-84,7
1199,2017,Sants-Montjuïc,80-84,6
1200,2017,Sants-Montjuïc,80-84,4
1201,2017,Sants-Montjuïc,80-84,21
1202,2017,Les Corts,80-84,23
1203,2017,Les Corts,80-84,7
1204,2017,Les Corts,80-84,10
1205,2017,Sarrià-Sant Gervasi,80-84,0
1206,2017,Sarrià-Sant Gervasi,80-84,17
1207,2017,Sarrià-Sant Gervasi,80-84,5
1208,2017,Sarrià-Sant Gervasi,80-84,16
1209,2017,Sarrià-Sant Gervasi,80-84,17
1210,2017,Sarrià-Sant Gervasi,80-84,10
1211,2017,Gràcia,80-84,6
1212,2017,Gràcia,80-84,2
1213,2017,Gràcia,80-84,2
1214,2017,Gràcia,80-84,19
1215,2017,Gràcia,80-84,11
1216,2017,Horta-Guinardó,80-84,11
1217,2017,Horta-Guinardó,80-84,5
1218,2017,Horta-Guinardó,80-84,12
1219,2017,Horta-Guinardó,80-84,4
1220,2017,Horta-Guinardó,80-84,11
1221,2017,Horta-Guinardó,80-84,3
1222,2017,Horta-Guinardó,80-84,2
1223,2017,Horta-Guinardó,80-84,6
1224,2017,Horta-Guinardó,80-84,4
1225,2017,Horta-Guinardó,80-84,0
1226,2017,Horta-Guinardó,80-84,6
1227,2017,Nou Barris,80-84,10
1228,2017,Nou Barris,80-84,8
1229,2017,Nou Barris,80-84,4
1230,2017,Nou Barris,80-84,1
1231,2017,Nou Barris,80-84,7
1232,2017,Nou Barris,80-84,4
1233,2017,Nou Barris,80-84,1
1234,2017,Nou Barris,80-84,2
1235,2017,Nou Barris,80-84,12
1236,2017,Nou Barris,80-84,1
1237,2017,Nou Barris,80-84,0
1238,2017,Nou Barris,80-84,1
1239,2017,Nou Barris,80-84,0
1240,2017,Sant Andreu,80-84,2
1241,2017,Sant Andreu,80-84,3
1242,2017,Sant Andreu,80-84,3
1243,2017,Sant Andreu,80-84,15
1244,2017,Sant Andreu,80-84,7
1245,2017,Sant Andreu,80-84,1
1246,2017,Sant Andreu,80-84,7
1247,2017,Sant Martí,80-84,13
1248,2017,Sant Martí,80-84,6
1249,2017,Sant Martí,80-84,2
1250,2017,Sant Martí,80-84,2
1251,2017,Sant Martí,80-84,10
1252,2017,Sant Martí,80-84,6
1253,2017,Sant Martí,80-84,6
1254,2017,Sant Martí,80-84,8
1255,2017,Sant Martí,80-84,12
1256,2017,Sant Martí,80-84,3
1257,2017,No consta,80-84,0
1258,2017,Ciutat Vella,85-89,8
1259,2017,Ciutat Vella,85-89,1
1260,2017,Ciutat Vella,85-89,0
1261,2017,Ciutat Vella,85-89,6
1262,2017,Eixample,85-89,5
1263,2017,Eixample,85-89,19
1264,2017,Eixample,85-89,14
1265,2017,Eixample,85-89,12
1266,2017,Eixample,85-89,15
1267,2017,Eixample,85-89,5
1268,2017,Sants-Montjuïc,85-89,6
1269,2017,Sants-Montjuïc,85-89,1
1270,2017,Sants-Montjuïc,85-89,8
1271,2017,Sants-Montjuïc,85-89,3
1272,2017,Sants-Montjuïc,85-89,4
1273,2017,Sants-Montjuïc,85-89,9
1274,2017,Sants-Montjuïc,85-89,1
1275,2017,Sants-Montjuïc,85-89,8
1276,2017,Les Corts,85-89,14
1277,2017,Les Corts,85-89,9
1278,2017,Les Corts,85-89,3
1279,2017,Sarrià-Sant Gervasi,85-89,1
1280,2017,Sarrià-Sant Gervasi,85-89,10
1281,2017,Sarrià-Sant Gervasi,85-89,7
1282,2017,Sarrià-Sant Gervasi,85-89,6
1283,2017,Sarrià-Sant Gervasi,85-89,21
1284,2017,Sarrià-Sant Gervasi,85-89,4
1285,2017,Gràcia,85-89,2
1286,2017,Gràcia,85-89,4
1287,2017,Gràcia,85-89,4
1288,2017,Gràcia,85-89,26
1289,2017,Gràcia,85-89,11
1290,2017,Horta-Guinardó,85-89,13
1291,2017,Horta-Guinardó,85-89,0
1292,2017,Horta-Guinardó,85-89,5
1293,2017,Horta-Guinardó,85-89,2
1294,2017,Horta-Guinardó,85-89,5
1295,2017,Horta-Guinardó,85-89,2
1296,2017,Horta-Guinardó,85-89,3
1297,2017,Horta-Guinardó,85-89,2
1298,2017,Horta-Guinardó,85-89,1
1299,2017,Horta-Guinardó,85-89,0
1300,2017,Horta-Guinardó,85-89,5
1301,2017,Nou Barris,85-89,8
1302,2017,Nou Barris,85-89,5
1303,2017,Nou Barris,85-89,6
1304,2017,Nou Barris,85-89,0
1305,2017,Nou Barris,85-89,4
1306,2017,Nou Barris,85-89,2
1307,2017,Nou Barris,85-89,0
1308,2017,Nou Barris,85-89,2
1309,2017,Nou Barris,85-89,3
1310,2017,Nou Barris,85-89,3
1311,2017,Nou Barris,85-89,0
1312,2017,Nou Barris,85-89,1
1313,2017,Nou Barris,85-89,1
1314,2017,Sant Andreu,85-89,0
1315,2017,Sant Andreu,85-89,0
1316,2017,Sant Andreu,85-89,0
1317,2017,Sant Andreu,85-89,18
1318,2017,Sant Andreu,85-89,3
1319,2017,Sant Andreu,85-89,1
1320,2017,Sant Andreu,85-89,4
1321,2017,Sant Martí,85-89,9
1322,2017,Sant Martí,85-89,11
1323,2017,Sant Martí,85-89,4
1324,2017,Sant Martí,85-89,1
1325,2017,Sant Martí,85-89,6
1326,2017,Sant Martí,85-89,4
1327,2017,Sant Martí,85-89,3
1328,2017,Sant Martí,85-89,1
1329,2017,Sant Martí,85-89,2
1330,2017,Sant Martí,85-89,6
1331,2017,No consta,85-89,0
1332,2017,Ciutat Vella,90-94,5
1333,2017,Ciutat Vella,90-94,3
1334,2017,Ciutat Vella,90-94,0
1335,2017,Ciutat Vella,90-94,2
1336,2017,Eixample,90-94,6
1337,2017,Eixample,90-94,7
1338,2017,Eixample,90-94,9
1339,2017,Eixample,90-94,12
1340,2017,Eixample,90-94,5
1341,2017,Eixample,90-94,5
1342,2017,Sants-Montjuïc,90-94,1
1343,2017,Sants-Montjuïc,90-94,0
1344,2017,Sants-Montjuïc,90-94,4
1345,2017,Sants-Montjuïc,90-94,4
1346,2017,Sants-Montjuïc,90-94,2
1347,2017,Sants-Montjuïc,90-94,5
1348,2017,Sants-Montjuïc,90-94,2
1349,2017,Sants-Montjuïc,90-94,5
1350,2017,Les Corts,90-94,8
1351,2017,Les Corts,90-94,3
1352,2017,Les Corts,90-94,4
1353,2017,Sarrià-Sant Gervasi,90-94,1
1354,2017,Sarrià-Sant Gervasi,90-94,7
1355,2017,Sarrià-Sant Gervasi,90-94,2
1356,2017,Sarrià-Sant Gervasi,90-94,9
1357,2017,Sarrià-Sant Gervasi,90-94,6
1358,2017,Sarrià-Sant Gervasi,90-94,4
1359,2017,Gràcia,90-94,2
1360,2017,Gràcia,90-94,3
1361,2017,Gràcia,90-94,1
1362,2017,Gràcia,90-94,7
1363,2017,Gràcia,90-94,6
1364,2017,Horta-Guinardó,90-94,9
1365,2017,Horta-Guinardó,90-94,1
1366,2017,Horta-Guinardó,90-94,2
1367,2017,Horta-Guinardó,90-94,0
1368,2017,Horta-Guinardó,90-94,1
1369,2017,Horta-Guinardó,90-94,0
1370,2017,Horta-Guinardó,90-94,0
1371,2017,Horta-Guinardó,90-94,3
1372,2017,Horta-Guinardó,90-94,2
1373,2017,Horta-Guinardó,90-94,0
1374,2017,Horta-Guinardó,90-94,9
1375,2017,Nou Barris,90-94,3
1376,2017,Nou Barris,90-94,3
1377,2017,Nou Barris,90-94,3
1378,2017,Nou Barris,90-94,0
1379,2017,Nou Barris,90-94,0
1380,2017,Nou Barris,90-94,0
1381,2017,Nou Barris,90-94,0
1382,2017,Nou Barris,90-94,1
1383,2017,Nou Barris,90-94,4
1384,2017,Nou Barris,90-94,0
1385,2017,Nou Barris,90-94,0
1386,2017,Nou Barris,90-94,0
1387,2017,Nou Barris,90-94,0
1388,2017,Sant Andreu,90-94,2
1389,2017,Sant Andreu,90-94,0
1390,2017,Sant Andreu,90-94,1
1391,2017,Sant Andreu,90-94,8
1392,2017,Sant Andreu,90-94,2
1393,2017,Sant Andreu,90-94,0
1394,2017,Sant Andreu,90-94,3
1395,2017,Sant Martí,90-94,4
1396,2017,Sant Martí,90-94,2
1397,2017,Sant Martí,90-94,0
1398,2017,Sant Martí,90-94,1
1399,2017,Sant Martí,90-94,4
1400,2017,Sant Martí,90-94,3
1401,2017,Sant Martí,90-94,2
1402,2017,Sant Martí,90-94,4
1403,2017,Sant Martí,90-94,1
1404,2017,Sant Martí,90-94,1
1405,2017,No consta,90-94,0
1406,2017,Ciutat Vella,95-99,0
1407,2017,Ciutat Vella,95-99,0
1408,2017,Ciutat Vella,95-99,1
1409,2017,Ciutat Vella,95-99,0
1410,2017,Eixample,95-99,2
1411,2017,Eixample,95-99,2
1412,2017,Eixample,95-99,1
1413,2017,Eixample,95-99,1
1414,2017,Eixample,95-99,4
1415,2017,Eixample,95-99,0
1416,2017,Sants-Montjuïc,95-99,0
1417,2017,Sants-Montjuïc,95-99,0
1418,2017,Sants-Montjuïc,95-99,1
1419,2017,Sants-Montjuïc,95-99,1
1420,2017,Sants-Montjuïc,95-99,0
1421,2017,Sants-Montjuïc,95-99,1
1422,2017,Sants-Montjuïc,95-99,1
1423,2017,Sants-Montjuïc,95-99,1
1424,2017,Les Corts,95-99,3
1425,2017,Les Corts,95-99,3
1426,2017,Les Corts,95-99,0
1427,2017,Sarrià-Sant Gervasi,95-99,0
1428,2017,Sarrià-Sant Gervasi,95-99,2
1429,2017,Sarrià-Sant Gervasi,95-99,1
1430,2017,Sarrià-Sant Gervasi,95-99,1
1431,2017,Sarrià-Sant Gervasi,95-99,1
1432,2017,Sarrià-Sant Gervasi,95-99,1
1433,2017,Gràcia,95-99,1
1434,2017,Gràcia,95-99,0
1435,2017,Gràcia,95-99,0
1436,2017,Gràcia,95-99,1
1437,2017,Gràcia,95-99,3
1438,2017,Horta-Guinardó,95-99,4
1439,2017,Horta-Guinardó,95-99,0
1440,2017,Horta-Guinardó,95-99,3
1441,2017,Horta-Guinardó,95-99,1
1442,2017,Horta-Guinardó,95-99,1
1443,2017,Horta-Guinardó,95-99,1
1444,2017,Horta-Guinardó,95-99,0
1445,2017,Horta-Guinardó,95-99,0
1446,2017,Horta-Guinardó,95-99,0
1447,2017,Horta-Guinardó,95-99,0
1448,2017,Horta-Guinardó,95-99,0
1449,2017,Nou Barris,95-99,0
1450,2017,Nou Barris,95-99,2
1451,2017,Nou Barris,95-99,0
1452,2017,Nou Barris,95-99,0
1453,2017,Nou Barris,95-99,1
1454,2017,Nou Barris,95-99,0
1455,2017,Nou Barris,95-99,0
1456,2017,Nou Barris,95-99,0
1457,2017,Nou Barris,95-99,1
1458,2017,Nou Barris,95-99,0
1459,2017,Nou Barris,95-99,0
1460,2017,Nou Barris,95-99,0
1461,2017,Nou Barris,95-99,0
1462,2017,Sant Andreu,95-99,0
1463,2017,Sant Andreu,95-99,0
1464,2017,Sant Andreu,95-99,0
1465,2017,Sant Andreu,95-99,1
1466,2017,Sant Andreu,95-99,1
1467,2017,Sant Andreu,95-99,1
1468,2017,Sant Andreu,95-99,2
1469,2017,Sant Martí,95-99,0
1470,2017,Sant Martí,95-99,0
1471,2017,Sant Martí,95-99,0
1472,2017,Sant Martí,95-99,0
1473,2017,Sant Martí,95-99,2
1474,2017,Sant Martí,95-99,0
1475,2017,Sant Martí,95-99,1
1476,2017,Sant Martí,95-99,0
1477,2017,Sant Martí,95-99,0
1478,2017,Sant Martí,95-99,0
1479,2017,No consta,95-99,0
1480,2017,Ciutat Vella,>=100,0
1481,2017,Ciutat Vella,>=100,0
1482,2017,Ciutat Vella,>=100,0
1483,2017,Ciutat Vella,>=100,0
1484,2017,Eixample,>=100,0
1485,2017,Eixample,>=100,0
1486,2017,Eixample,>=100,0
1487,2017,Eixample,>=100,0
1488,2017,Eixample,>=100,1
1489,2017,Eixample,>=100,0
1490,2017,Sants-Montjuïc,>=100,0
1491,2017,Sants-Montjuïc,>=100,0
1492,2017,Sants-Montjuïc,>=100,0
1493,2017,Sants-Montjuïc,>=100,2
1494,2017,Sants-Montjuïc,>=100,0
1495,2017,Sants-Montjuïc,>=100,0
1496,2017,Sants-Montjuïc,>=100,0
1497,2017,Sants-Montjuïc,>=100,0
1498,2017,Les Corts,>=100,0
1499,2017,Les Corts,>=100,0
1500,2017,Les Corts,>=100,0
1501,2017,Sarrià-Sant Gervasi,>=100,0
1502,2017,Sarrià-Sant Gervasi,>=100,0
1503,2017,Sarrià-Sant Gervasi,>=100,0
1504,2017,Sarrià-Sant Gervasi,>=100,0
1505,2017,Sarrià-Sant Gervasi,>=100,0
1506,2017,Sarrià-Sant Gervasi,>=100,0
1507,2017,Gràcia,>=100,0
1508,2017,Gràcia,>=100,0
1509,2017,Gràcia,>=100,0
1510,2017,Gràcia,>=100,0
1511,2017,Gràcia,>=100,1
1512,2017,Horta-Guinardó,>=100,0
1513,2017,Horta-Guinardó,>=100,0
1514,2017,Horta-Guinardó,>=100,0
1515,2017,Horta-Guinardó,>=100,0
1516,2017,Horta-Guinardó,>=100,0
1517,2017,Horta-Guinardó,>=100,0
1518,2017,Horta-Guinardó,>=100,0
1519,2017,Horta-Guinardó,>=100,0
1520,2017,Horta-Guinardó,>=100,0
1521,2017,Horta-Guinardó,>=100,0
1522,2017,Horta-Guinardó,>=100,0
1523,2017,Nou Barris,>=100,0
1524,2017,Nou Barris,>=100,0
1525,2017,Nou Barris,>=100,0
1526,2017,Nou Barris,>=100,0
1527,2017,Nou Barris,>=100,0
1528,2017,Nou Barris,>=100,0
1529,2017,Nou Barris,>=100,0
1530,2017,Nou Barris,>=100,0
1531,2017,Nou Barris,>=100,0
1532,2017,Nou Barris,>=100,0
1533,2017,Nou Barris,>=100,0
1534,2017,Nou Barris,>=100,0
1535,2017,Nou Barris,>=100,0
1536,2017,Sant Andreu,>=100,0
1537,2017,Sant Andreu,>=100,0
1538,2017,Sant Andreu,>=100,0
1539,2017,Sant Andreu,>=100,0
1540,2017,Sant Andreu,>=100,0
1541,2017,Sant Andreu,>=100,0
1542,2017,Sant Andreu,>=100,0
1543,2017,Sant Martí,>=100,0
1544,2017,Sant Martí,>=100,0
1545,2017,Sant Martí,>=100,0
1546,2017,Sant Martí,>=100,0
1547,2017,Sant Martí,>=100,0
1548,2017,Sant Martí,>=100,0
1549,2017,Sant Martí,>=100,0
1550,2017,Sant Martí,>=100,0
1551,2017,Sant Martí,>=100,0
1552,2017,Sant Martí,>=100,0
1553,2017,No consta,>=100,0
